fid,Name,GPR_sum
"1",kml_1315,"0.3"
"2",kml_1319,"0.2"
"3",kml_1321,"0.2"
"4",kml_1387,"0.2"
"5",kml_1401,"0.2"
"6",kml_1487,"0.2"
"7",kml_1495,"0.228571429"
"8",kml_1610,"0.228571429"
"9",kml_1611,"0.2"
"10",kml_1652,"0"
"11",kml_1657,"0.228571429"
"12",kml_1687,"0.2"
"13",kml_1748,"0.2"
"14",kml_1758,"0.228571429"
"15",kml_1864,"0.2"
"16",kml_1867,"0.2"
"17",kml_1868,"0.228571429"
"18",kml_1874,"0.2"
"19",kml_1875,"0.2"
"20",kml_1884,"0.2"
"21",kml_1890,"0.2"
"22",kml_1908,"0.228571429"
"23",kml_1909,"0.157142857"
"24",kml_2078,"0.228571429"
"25",kml_2079,"0.2"
"26",kml_2112,"0.2"
"27",kml_2118,"0.2"
"28",kml_2237,"0.2"
"29",kml_2268,"0.2"
"30",kml_2301,"0.2"
"31",kml_2309,"0.2"
"32",kml_2312,"0.2"
"33",kml_2320,"0.2"
"34",kml_2322,"0.2"
"35",kml_2323,"0.242857143"
"36",kml_2365,"0.2"
"37",kml_2396,"0.228571429"
"38",kml_2427,"0.2"
"39",kml_2431,"0.2"
"40",kml_2441,"0.2"
"41",kml_2549,"0.228571429"
"42",kml_2553,"0.2"
"43",kml_2556,"0.2"
"44",kml_2560,"0.2"
"45",kml_2561,"0.4"
"46",kml_2578,"0.2"
"47",kml_2638,"0.2"
"48",kml_2718,"0.071428571"
"49",kml_2779,"0.071428571"
"50",kml_2784,"0.2"
"51",kml_2845,"0.2"
"52",kml_2865,"0.2"
"53",kml_2867,"0.2"
"54",kml_2890,"0.2"
"55",kml_2891,"0.2"
"56",kml_2892,"0.271428571"
"57",kml_2893,"0.2"
"58",kml_2911,"0.2"
"59",kml_2935,"0.2"
"60",kml_2989,"0.3"
"61",kml_2993,"0.2"
"62",kml_3140,"0.071428571"
"63",kml_3342,"0.2"
"64",kml_3344,"0.2"
"65",kml_3349,"0.2"
"66",kml_3357,"0.2"
"67",kml_3433,"0.228571429"
"68",kml_3439,"0.2"
"69",kml_3453,"0.2"
"70",kml_3456,"0.2"
"71",kml_3551,"0.157142857"
"72",kml_3553,"0.2"
"73",kml_3554,"0.2"
"74",kml_3555,"0.2"
"75",kml_3639,"0.228571429"
"76",kml_3640,"0.2"
"77",kml_3641,"0.2"
"78",kml_3644,"0.2"
"79",kml_3718,"0.228571429"
"80",kml_3810,"0.2"
"81",kml_3898,"0.2"
"82",kml_3899,"0.2"
"83",kml_3966,"0.2"
"84",kml_3985,"0.2"
"85",kml_4047,"0.2"
"86",kml_4048,"0.2"
"87",kml_4054,"0.2"
"88",kml_4167,"0.228571429"
"89",kml_4217,"0.2"
"90",kml_4224,"0.228571429"
"91",kml_4263,"0.2"
"92",kml_4264,"0.2"
"93",kml_4758,"0.2"
"94",kml_4760,"0.2"
"95",kml_4785,"0.2"
"96",kml_4801,"0.2"
"97",kml_4896,"0.2"
"98",kml_4932,"0.2"
"99",kml_4958,"0.3"
"100",kml_4959,"0.2"
"101",kml_5010,"0.228571429"
"102",kml_5055,"0.2"
"103",kml_5063,"0.2"
"104",kml_5157,"0.2"
"105",kml_5200,"0.2"
"106",kml_5258,"0.228571429"
"107",kml_5310,"0.2"
"108",kml_5312,"0.3"
"109",kml_5317,"0.228571429"
"110",kml_5365,"0"
"111",kml_5373,"0"
"112",kml_5426,"0.071428571"
"113",kml_5449,"0.2"
"114",kml_5452,"0.1"
"115",kml_5454,"0.071428571"
"116",kml_5455,"0.071428571"
"117",kml_5459,"0.071428571"
"118",kml_5460,"0"
"119",kml_5462,"0.1"
"120",kml_5467,"0.071428571"
"121",kml_5468,"0"
"122",kml_5471,"0"
"123",kml_5487,"0.2"
"124",kml_5491,"0.2"
"125",kml_5556,"0"
"126",kml_5574,"0.2"
"127",kml_5632,"0.228571429"
"128",kml_5664,"0.2"
"129",kml_5698,"0.2"
"130",kml_5706,"0.2"
"131",kml_5723,"0.2"
"132",kml_5746,"0.3"
"133",kml_5749,"0.2"
"134",kml_5756,"0.2"
"135",kml_5781,"0.2"
"136",kml_5788,"0.2"
"137",kml_5889,"0.2"
"138",kml_5932,"0.2"
"139",kml_5963,"0.2"
"140",kml_5964,"0.2"
"141",kml_6001,"0.2"
"142",kml_6090,"0.2"
"143",kml_6103,"0.2"
"144",kml_6104,"0.2"
"145",kml_6119,"0.2"
"146",kml_6248,"0"
"147",kml_6267,"0.2"
"148",kml_6276,"0.1"
"149",kml_6277,"0.157142857"
"150",kml_6346,"0.2"
"151",kml_6409,"0.2"
"152",kml_6556,"0.228571429"
"153",kml_6714,"0.2"
"154",kml_7472,"0.1"
"155",kml_7788,"0.2"
"156",kml_7869,"0.3"
"157",kml_7903,"0.1"
"158",kml_7909,"0.2"
"159",kml_7910,"0.2"
"160",kml_8016,"0.228571429"
"161",kml_8088,"0.1"
"162",kml_8095,"0.5"
"163",kml_8170,"0"
"164",kml_8211,"0"
"165",kml_8218,"0.371428571"
"166",kml_8229,"0"
"167",kml_8311,"0.2"
"168",kml_8335,"0.3"
"169",kml_8354,"0.1"
"170",kml_8427,"0"
"171",kml_8511,"0"
"172",kml_8546,"0.528571429"
"173",kml_8580,"0.257142857"
"174",kml_8674,"0.328571429"
"175",kml_8678,"0"
"176",kml_8740,"0.3"
"177",kml_8754,"0.457142857"
"178",kml_8777,"0.2"
"179",kml_8800,"0.2"
"180",kml_8898,"0"
"181",kml_8955,"0"
"182",kml_8996,"0.271428571"
"183",kml_9046,"0"
"184",kml_9079,"0.2"
"185",kml_9257,"0.2"
"186",kml_9263,"0.2"
"187",kml_9302,"0.2"
"188",kml_9303,"0.457142857"
"189",kml_9325,"0.4"
"190",kml_9368,"0.4"
"191",kml_9383,"0"
"192",kml_9391,"0.2"
"193",kml_9568,"0.3"
"194",kml_9569,"0.2"
"195",kml_9587,"0.4"
"196",kml_9598,"0.4"
"197",kml_9641,"0.2"
"198",kml_9685,"0.128571429"
"199",kml_9736,"0.2"
"200",kml_9763,"0.128571429"
"201",kml_9822,"0.2"
"202",kml_9827,"0.2"
"203",kml_9931,"0.2"
"204",kml_9934,"0.2"
"205",kml_9940,"0.2"
"206",kml_10034,"0.128571429"
"207",kml_10048,"0.157142857"
"208",kml_10055,"0.2"
"209",kml_10059,"0.2"
"210",kml_10250,"0.2"
"211",kml_10255,"0.2"
"212",kml_10260,"0.2"
"213",kml_10325,"0.2"
"214",kml_10341,"0.128571429"
"215",kml_10361,"0.128571429"
"216",kml_10442,"0.2"
"217",kml_10454,"0.2"
"218",kml_10464,"0.2"
"219",kml_10523,"0.028571429"
"220",kml_10538,"0.2"
"221",kml_10546,"0.2"
"222",kml_10652,"0.2"
"223",kml_10747,"0.085714286"
"224",kml_10754,"0.028571429"
"225",kml_10869,"0.2"
"226",kml_10870,"0.2"
"227",kml_10871,"0.2"
"228",kml_11041,"0.2"
"229",kml_11374,"0.2"
"230",kml_11902,"0.2"
"231",kml_11934,"0.2"
"232",kml_11977,"0"
"233",kml_11982,"0.228571429"
"234",kml_12079,"0.2"
"235",kml_12089,"0.2"
"236",kml_12272,"0.2"
"237",kml_12515,"0.857142857"
"238",kml_12517,"0.3"
"239",kml_12626,"0.2"
"240",kml_12980,"0.3"
"241",kml_13125,"0.2"
"242",kml_13132,"0.2"
"243",kml_13175,"0.1"
"244",kml_13267,"0.2"
"245",kml_13365,"0.157142857"
"246",kml_13366,"0.2"
"247",kml_13402,"0.2"
"248",kml_13455,"0.2"
"249",kml_13486,"0.2"
"250",kml_13550,"0.2"
"251",kml_13559,"0.2"
"252",kml_13641,"0.2"
"253",kml_13659,"0"
"254",kml_13718,"0.2"
"255",kml_13794,"0.2"
"256",kml_13873,"0.2"
"257",kml_13954,"0.2"
"258",kml_13994,"0.2"
"259",kml_14144,"0.2"
"260",kml_14145,"0.2"
"261",kml_14176,"0.2"
"262",kml_14182,"0"
"263",kml_14209,"0.2"
"264",kml_14234,"0.2"
"265",kml_14331,"0.2"
"266",kml_14367,"0.1"
"267",kml_14368,"0.2"
"268",kml_14434,"0.2"
"269",kml_14540,"0.2"
"270",kml_14623,"0"
"271",kml_14758,"0.2"
"272",kml_14770,"0.2"
"273",kml_14771,"0.2"
"274",kml_14773,"0.2"
"275",kml_14852,"0.2"
"276",kml_14932,"0.2"
"277",kml_14959,"0.1"
"278",kml_15250,"0.2"
"279",kml_15274,"0"
"280",kml_15309,"0.2"
"281",kml_15312,"0.2"
"282",kml_15314,"0.2"
"283",kml_15317,"0.157142857"
"284",kml_15368,"0"
"285",kml_15551,"0.2"
"286",kml_15608,"0.157142857"
"287",kml_15644,"0.028571429"
"288",kml_15746,"0"
"289",kml_15766,"0.028571429"
"290",kml_15815,"0.2"
"291",kml_15829,"0.2"
"292",kml_16093,"0.028571429"
"293",kml_16196,"0"
"294",kml_17049,"0.1"
"295",kml_17586,"0.228571429"
"296",kml_17649,"0.1"
"297",kml_17667,"0.2"
"298",kml_18270,"0.1"
"299",kml_18437,"0.2"
"300",kml_19309,"0.228571429"
"301",kml_19506,"0.2"
"302",kml_19518,"1"
"303",kml_20086,"0"
"304",kml_20158,"0.228571429"
"305",kml_22257,"0.228571429"
"306",kml_22542,"0.1"
"307",kml_22615,"0.2"
"308",kml_22706,"0.228571429"
"309",kml_22718,"0.2"
"310",kml_22870,"0.1"
"311",kml_22948,"0.228571429"
"312",kml_23105,"0.2"
"313",kml_23236,"0.2"
"314",kml_23287,"0.157142857"
"315",kml_23449,"0.2"
"316",kml_23526,"0.228571429"
"317",kml_23556,"0.2"
"318",kml_23557,"0.2"
"319",kml_23647,"0.228571429"
"320",kml_23663,"0.2"
"321",kml_23665,"0.2"
"322",kml_23674,"0.2"
"323",kml_23681,"0.2"
"324",kml_23786,"0.2"
"325",kml_23870,"0.228571429"
"326",kml_23903,"0.1"
"327",kml_23967,"0.228571429"
"328",kml_23985,"0.228571429"
"329",kml_24146,"0.057142857"
"330",kml_24148,"0.2"
"331",kml_24202,"0.2"
"332",kml_24266,"0.2"
"333",kml_24299,"0.2"
"334",kml_24495,"0.2"
"335",kml_24598,"0.028571429"
"336",kml_24620,"0.2"
"337",kml_24694,"0.1"
"338",kml_24695,"0.2"
"339",kml_24782,"0.2"
"340",kml_24797,"0.2"
"341",kml_24833,"0.028571429"
"342",kml_24917,"0.1"
"343",kml_24921,"0.2"
"344",kml_25036,"0.1"
"345",kml_25052,"0.2"
"346",kml_25134,"0.2"
"347",kml_25222,"0"
"348",kml_25223,"0.2"
"349",kml_25231,"0"
"350",kml_25234,"0.028571429"
"351",kml_25321,"0.2"
"352",kml_25339,"0"
"353",kml_25409,"0.1"
"354",kml_25449,"0.1"
"355",kml_25509,"0.2"
"356",kml_25604,"0.2"
"357",kml_27726,"0.1"
"358",kml_27767,"0.2"
"359",kml_27793,"0.1"
"360",kml_28140,"0.2"
"361",kml_28268,"0.2"
"362",kml_28271,"0.228571429"
"363",kml_28418,"0.1"
"364",kml_28712,"0.228571429"
"365",kml_28719,"0.2"
"366",kml_28720,"0"
"367",kml_29062,"0.228571429"
"368",kml_29065,"0.3"
"369",kml_29066,"0.228571429"
"370",kml_29067,"0.3"
"371",kml_29165,"0.2"
"372",kml_29179,"0"
"373",kml_29438,"0.2"
"374",kml_29522,"0.228571429"
"375",kml_29525,"0.228571429"
"376",kml_29885,"0.028571429"
"377",kml_29965,"0.028571429"
"378",kml_29985,"0.3"
"379",kml_30079,"0.2"
"380",kml_30138,"0.2"
"381",kml_30194,"0.2"
"382",kml_30302,"0"
"383",kml_30318,"0"
"384",kml_30428,"0.2"
"385",kml_30429,"0.2"
"386",kml_30431,"0.028571429"
"387",kml_30432,"0.028571429"
"388",kml_30601,"0.028571429"
"389",kml_31049,"0.2"
"390",kml_31160,"0.028571429"
"391",kml_31297,"0"
"392",kml_31512,"0.2"
"393",kml_31595,"0.2"
"394",kml_31598,"0.2"
"395",kml_31611,"0.228571429"
"396",kml_31618,"0.2"
"397",kml_31627,"0.085714286"
"398",kml_31637,"0.1"
"399",kml_31700,"0.414285714"
"400",kml_31885,"0.157142857"
"401",kml_31898,"0.1"
"402",kml_31998,"0.028571429"
"403",kml_32103,"0.2"
"404",kml_32108,"0.2"
"405",kml_32335,"0.2"
"406",kml_32436,"0.2"
"407",kml_32438,"0.257142857"
"408",kml_32448,"0.228571429"
"409",kml_32512,"0.028571429"
"410",kml_32529,"0.028571429"
"411",kml_32548,"0.2"
"412",kml_32554,"0.2"
"413",kml_32555,"0.157142857"
"414",kml_32754,"0.2"
"415",kml_32888,"0.371428571"
"416",kml_32890,"0.2"
"417",kml_32891,"0.2"
"418",kml_32987,"0"
"419",kml_33232,"0.2"
"420",kml_33308,"0.2"
"421",kml_33668,"0.2"
"422",kml_34074,"0.1"
"423",kml_34159,"0.2"
"424",kml_34212,"0.2"
"425",kml_34475,"0.2"
"426",kml_34485,"0.2"
"427",kml_34487,"0.1"
"428",kml_34500,"0.214285714"
"429",kml_34701,"0.1"
"430",kml_34717,"0.1"
"431",kml_34811,"0.1"
"432",kml_35238,"0"
"433",kml_35247,"0.028571429"
"434",kml_35668,"0.028571429"
"435",kml_35701,"0.1"
"436",kml_35911,"0"
"437",kml_36062,"0.228571429"
"438",kml_36189,"0"
"439",kml_36802,"0"
"440",kml_36873,"0.1"
"441",kml_37298,"0"
"442",kml_37375,"0.1"
"443",kml_37433,"0"
"444",kml_37611,"0.028571429"
"445",kml_37732,"0"
"446",kml_37776,"0.2"
"447",kml_37922,"0.1"
"448",kml_38127,"0"
"449",kml_38785,"0"
"450",kml_39070,"0"
"451",kml_39266,"0"
"452",kml_39326,"0"
"453",kml_39455,"0.1"
"454",kml_39493,"0.2"
"455",kml_39686,"0"
"456",kml_39919,"0"
"457",kml_40688,"0.028571429"
"458",kml_40764,"0.1"
"459",kml_40861,"0.1"
"460",kml_40905,"0.1"
"461",kml_41024,"0.028571429"
"462",kml_41091,"0.1"
"463",kml_41437,"0.028571429"
"464",kml_41886,"0.028571429"
"465",kml_41892,"0"
"466",kml_42105,"0"
"467",kml_42218,"0.1"
"468",kml_42774,"0"
"469",kml_42780,"0"
"470",kml_43390,"0.2"
"471",kml_43396,"0.2"
"472",kml_43495,"0.2"
"473",kml_43590,"0.228571429"
"474",kml_43591,"0.157142857"
"475",kml_43592,"0"
"476",kml_43689,"0.2"
"477",kml_43691,"0.1"
"478",kml_43697,"0.1"
"479",kml_43727,"0.4"
"480",kml_43854,"0.2"
"481",kml_43856,"0.2"
"482",kml_43863,"0.228571429"
"483",kml_43937,"0.2"
"484",kml_44054,"0.2"
"485",kml_44260,"0"
"486",kml_44263,"0"
"487",kml_44337,"0.2"
"488",kml_44412,"0.028571429"
"489",kml_44413,"0"
"490",kml_44573,"0.1"
"491",kml_44645,"0.028571429"
"492",kml_44647,"0.028571429"
"493",kml_44685,"0.2"
"494",kml_44751,"0"
"495",kml_44821,"0"
"496",kml_44822,"0.1"
"497",kml_44827,"0"
"498",kml_45048,"0.028571429"
"499",kml_45245,"0.2"
"500",kml_45330,"0.2"
"501",kml_45380,"0.028571429"
"502",kml_45415,"0.3"
"503",kml_45420,"0.1"
"504",kml_45427,"0.371428571"
"505",kml_45436,"0.1"
"506",kml_45439,"0.1"
"507",kml_45440,"0.2"
"508",kml_45506,"0.3"
"509",kml_45507,"0.1"
"510",kml_45511,"0.2"
"511",kml_45529,"0.2"
"512",kml_45602,"0.371428571"
"513",kml_45607,"0.2"
"514",kml_45697,"0.1"
"515",kml_45816,"0.2"
"516",kml_45889,"0.2"
"517",kml_45903,"0.2"
"518",kml_45913,"0"
"519",kml_46195,"0.2"
"520",kml_46324,"0.2"
"521",kml_46365,"0"
"522",kml_46493,"0.2"
"523",kml_46522,"0.2"
"524",kml_46597,"0.2"
"525",kml_47122,"0"
"526",kml_47206,"0.2"
"527",kml_47320,"0"
"528",kml_47609,"0"
"529",kml_47724,"0"
"530",kml_48052,"0"
"531",kml_48100,"0.1"
"532",kml_48991,"0.1"
"533",kml_48993,"0.371428571"
"534",kml_49291,"0.228571429"
"535",kml_49441,"0.2"
"536",kml_49617,"0.228571429"
"537",kml_49801,"0.2"
"538",kml_49823,"0.2"
"539",kml_49968,"0.2"
"540",kml_49982,"0.2"
"541",kml_49990,"0.228571429"
"542",kml_49991,"0.2"
"543",kml_49995,"0.2"
"544",kml_50083,"0.2"
"545",kml_50090,"0.2"
"546",kml_50179,"0.2"
"547",kml_50182,"0.2"
"548",kml_50183,"0.228571429"
"549",kml_50193,"0"
"550",kml_50195,"0"
"551",kml_50198,"0"
"552",kml_50203,"0"
"553",kml_50205,"0"
"554",kml_50266,"0.228571429"
"555",kml_50274,"0.2"
"556",kml_50348,"0.1"
"557",kml_50363,"0.2"
"558",kml_50369,"0.228571429"
"559",kml_50372,"0.228571429"
"560",kml_50376,"0.2"
"561",kml_50379,"0.1"
"562",kml_50391,"0.1"
"563",kml_50396,"0.1"
"564",kml_50420,"0.2"
"565",kml_50543,"0.2"
"566",kml_50552,"0.3"
"567",kml_50567,"0.028571429"
"568",kml_50593,"0.1"
"569",kml_50594,"0.2"
"570",kml_50831,"0.1"
"571",kml_50832,"0.1"
"572",kml_50833,"0.1"
"573",kml_50855,"0.228571429"
"574",kml_50858,"0.2"
"575",kml_50946,"0.2"
"576",kml_50950,"0.228571429"
"577",kml_50956,"0.257142857"
"578",kml_51070,"0"
"579",kml_51082,"0.1"
"580",kml_51103,"0.228571429"
"581",kml_51104,"0.228571429"
"582",kml_51119,"0.2"
"583",kml_51184,"0.028571429"
"584",kml_51190,"0"
"585",kml_51192,"0"
"586",kml_51197,"0.157142857"
"587",kml_51201,"0.2"
"588",kml_51235,"0"
"589",kml_51274,"0.257142857"
"590",kml_51292,"0.2"
"591",kml_51296,"0.2"
"592",kml_51327,"0"
"593",kml_51362,"0.228571429"
"594",kml_51384,"0.228571429"
"595",kml_51385,"0.3"
"596",kml_51495,"0.3"
"597",kml_51991,"0.2"
"598",kml_52133,"0.228571429"
"599",kml_52817,"0"
"600",kml_52906,"0.2"
"601",kml_52979,"0.228571429"
"602",kml_53072,"0.228571429"
"603",kml_53126,"0.228571429"
"604",kml_53242,"0.3"
"605",kml_53245,"0.3"
"606",kml_53322,"0.3"
"607",kml_53911,"0.228571429"
"608",kml_53998,"0.2"
"609",kml_54002,"0.228571429"
"610",kml_54099,"0.4"
"611",kml_54450,"0.1"
"612",kml_54546,"0.1"
"613",kml_54549,"0.2"
"614",kml_54646,"0.157142857"
"615",kml_54655,"0.2"
"616",kml_55642,"0.2"
"617",kml_55798,"0"
"618",kml_55882,"0"
"619",kml_55994,"0.2"
"620",kml_55995,"0.2"
"621",kml_56122,"0"
"622",kml_56232,"0.1"
"623",kml_56239,"0.228571429"
"624",kml_56243,"0.228571429"
"625",kml_56344,"0.228571429"
"626",kml_56937,"0.2"
"627",kml_56981,"0.2"
"628",kml_57284,"0"
"629",kml_58191,"0.2"
"630",kml_58556,"0"
"631",kml_58558,"0.2"
"632",kml_58709,"0.2"
"633",kml_58960,"0.2"
"634",kml_59055,"0.2"
"635",kml_59056,"0.1"
"636",kml_59057,"0.2"
"637",kml_59059,"0.1"
"638",kml_59061,"0.2"
"639",kml_59391,"0"
"640",kml_59515,"0.1"
"641",kml_59895,"0.2"
"642",kml_59997,"0.2"
"643",kml_60558,"0"
"644",kml_60635,"0.3"
"645",kml_60692,"0.2"
"646",kml_60730,"0.2"
"647",kml_60946,"0.2"
"648",kml_61024,"0.2"
"649",kml_61255,"0.228571429"
"650",kml_61256,"0.2"
"651",kml_61356,"0.128571429"
"652",kml_61358,"0.2"
"653",kml_61432,"0.228571429"
"654",kml_61524,"0.1"
"655",kml_61663,"0.2"
"656",kml_61734,"0.2"
"657",kml_61747,"0.228571429"
"658",kml_61750,"0.3"
"659",kml_61753,"0.2"
"660",kml_61756,"0.3"
"661",kml_61835,"0.3"
"662",kml_61840,"0.2"
"663",kml_61841,"0.228571429"
"664",kml_61926,"0.228571429"
"665",kml_62038,"0.2"
"666",kml_62040,"0.2"
"667",kml_62065,"0.3"
"668",kml_62080,"0.2"
"669",kml_62083,"0.2"
"670",kml_62193,"0.2"
"671",kml_62218,"0.2"
"672",kml_62512,"0.3"
"673",kml_62730,"0"
"674",kml_62858,"0.2"
"675",kml_63050,"0.2"
"676",kml_63075,"0.2"
"677",kml_63190,"0.2"
"678",kml_63535,"0.2"
"679",kml_63872,"0.157142857"
"680",kml_64362,"0.2"
"681",kml_64494,"0.228571429"
"682",kml_64522,"0.2"
"683",kml_64538,"0.228571429"
"684",kml_64545,"0.2"
"685",kml_64602,"0"
"686",kml_64608,"0.071428571"
"687",kml_64612,"0.085714286"
"688",kml_64658,"0.4"
"689",kml_64671,"0.2"
"690",kml_64674,"0.2"
"691",kml_64676,"0.228571429"
"692",kml_64682,"0.471428571"
"693",kml_64718,"0.2"
"694",kml_64763,"0.2"
"695",kml_64783,"0"
"696",kml_65104,"0.2"
"697",kml_65130,"0.2"
"698",kml_65169,"0.2"
"699",kml_65177,"0.257142857"
"700",kml_65182,"0.228571429"
"701",kml_65206,"0.2"
"702",kml_65305,"0.2"
"703",kml_65340,"0.3"
"704",kml_65356,"0.2"
"705",kml_65413,"0.3"
"706",kml_65441,"0.2"
"707",kml_65510,"0.2"
"708",kml_65861,"0.2"
"709",kml_65949,"0.2"
"710",kml_65961,"0.2"
"711",kml_66997,"0.2"
"712",kml_66998,"0.271428571"
"713",kml_67352,"0.1"
"714",kml_67943,"0.2"
"715",kml_67946,"0.2"
"716",kml_67954,"0.157142857"
"717",kml_68409,"0.157142857"
"718",kml_68660,"0.2"
"719",kml_68701,"0.1"
"720",kml_69188,"0.157142857"
"721",kml_69309,"0"
"722",kml_69446,"0.071428571"
"723",kml_69452,"0.071428571"
"724",kml_69457,"0"
"725",kml_69615,"0.2"
"726",kml_69781,"0.2"
"727",kml_70275,"0.228571429"
"728",kml_70330,"0.157142857"
"729",kml_70434,"0.157142857"
"730",kml_70455,"0"
"731",kml_70819,"0.3"
"732",kml_70935,"0.3"
"733",kml_71204,"0.2"
"734",kml_71346,"0.1"
"735",kml_71420,"0"
"736",kml_71518,"0.157142857"
"737",kml_71694,"0"
"738",kml_72067,"0"
"739",kml_72133,"0.2"
"740",kml_72523,"0.157142857"
"741",kml_72881,"0.157142857"
"742",kml_72973,"0"
"743",kml_73163,"0.157142857"
"744",kml_73381,"0.1"
"745",kml_73390,"0"
"746",kml_73394,"0"
"747",kml_73960,"0.157142857"
"748",kml_74060,"0.2"
"749",kml_74504,"0.2"
"750",kml_74511,"0.157142857"
"751",kml_74512,"0.157142857"
"752",kml_74971,"0.157142857"
"753",kml_75024,"0"
"754",kml_75082,"0.3"
"755",kml_75087,"0"
"756",kml_75088,"0"
"757",kml_75175,"0.2"
"758",kml_75184,"0.2"
"759",kml_75185,"0.2"
"760",kml_75212,"0.2"
"761",kml_75543,"0.1"
"762",kml_75606,"0.4"
"763",kml_75615,"0.2"
"764",kml_75674,"0.342857143"
"765",kml_75770,"0.228571429"
"766",kml_75774,"0.228571429"
"767",kml_75851,"0.371428571"
"768",kml_75958,"0.2"
"769",kml_75964,"0.2"
"770",kml_76006,"0.3"
"771",kml_76024,"0.2"
"772",kml_76057,"0.2"
"773",kml_76066,"0.442857143"
"774",kml_76093,"0.1"
"775",kml_76096,"0.228571429"
"776",kml_76137,"0.2"
"777",kml_76142,"0.228571429"
"778",kml_76163,"0.5"
"779",kml_76202,"0.2"
"780",kml_76282,"0.2"
"781",kml_76334,"0.2"
"782",kml_76402,"0"
"783",kml_76757,"0.157142857"
"784",kml_76874,"0.228571429"
"785",kml_76964,"0.157142857"
"786",kml_77079,"0.3"
"787",kml_77095,"0.2"
"788",kml_77290,"0"
"789",kml_77292,"0.228571429"
"790",kml_77610,"0.157142857"
"791",kml_77756,"0.157142857"
"792",kml_78082,"0.1"
"793",kml_78089,"0"
"794",kml_78202,"0"
"795",kml_78280,"0.028571429"
"796",kml_78321,"0.2"
"797",kml_78326,"0.228571429"
"798",kml_78420,"0.1"
"799",kml_78525,"0.228571429"
"800",kml_78549,"0.042857143"
"801",kml_78580,"0.2"
"802",kml_78614,"0.2"
"803",kml_78659,"0.1"
"804",kml_78674,"0.228571429"
"805",kml_78677,"0.1"
"806",kml_78791,"0.2"
"807",kml_78876,"0.2"
"808",kml_78878,"0.2"
"809",kml_78882,"0.228571429"
"810",kml_78884,"0.071428571"
"811",kml_78990,"0.3"
"812",kml_78995,"0.3"
"813",kml_78997,"0.3"
"814",kml_79091,"0.2"
"815",kml_79096,"0"
"816",kml_79097,"0"
"817",kml_79205,"0.2"
"818",kml_79334,"0.1"
"819",kml_79430,"0.2"
"820",kml_79437,"0"
"821",kml_79512,"0.3"
"822",kml_79517,"0"
"823",kml_79559,"0.228571429"
"824",kml_79568,"0.228571429"
"825",kml_79577,"0.371428571"
"826",kml_79675,"0.3"
"827",kml_79679,"0.228571429"
"828",kml_79775,"0.228571429"
"829",kml_79932,"0.2"
"830",kml_80024,"0.2"
"831",kml_80047,"0"
"832",kml_80145,"0"
"833",kml_80309,"0.3"
"834",kml_80418,"0.2"
"835",kml_80524,"0.4"
"836",kml_81105,"0.2"
"837",kml_81114,"0.228571429"
"838",kml_81220,"0"
"839",kml_81527,"0.2"
"840",kml_81561,"0.2"
"841",kml_81617,"0"
"842",kml_81638,"0.228571429"
"843",kml_81643,"0.2"
"844",kml_81702,"0.2"
"845",kml_81717,"0.4"
"846",kml_81725,"0.228571429"
"847",kml_81775,"0.1"
"848",kml_81796,"0.1"
"849",kml_81904,"0.2"
"850",kml_82076,"0.2"
"851",kml_82273,"0.2"
"852",kml_82277,"0.2"
"853",kml_82351,"0.2"
"854",kml_82416,"0.2"
"855",kml_82419,"0.5"
"856",kml_82424,"0.2"
"857",kml_82491,"0.228571429"
"858",kml_82502,"0.3"
"859",kml_82593,"0"
"860",kml_82680,"0.2"
"861",kml_82681,"0.2"
"862",kml_82682,"0.2"
"863",kml_82691,"0.2"
"864",kml_82717,"0.1"
"865",kml_82767,"0.271428571"
"866",kml_82836,"0.2"
"867",kml_82849,"0.2"
"868",kml_82850,"0.2"
"869",kml_82922,"0.1"
"870",kml_82994,"0.228571429"
"871",kml_83000,"0.3"
"872",kml_83005,"0.2"
"873",kml_83020,"0"
"874",kml_83026,"0.2"
"875",kml_83070,"0.228571429"
"876",kml_83076,"0.2"
"877",kml_83112,"0.2"
"878",kml_83114,"0.3"
"879",kml_83116,"0.2"
"880",kml_83119,"0.2"
"881",kml_83130,"0.3"
"882",kml_83135,"0.2"
"883",kml_83152,"0.1"
"884",kml_83153,"0.1"
"885",kml_83155,"0.2"
"886",kml_83158,"0.228571429"
"887",kml_83160,"0.1"
"888",kml_83166,"0.228571429"
"889",kml_83211,"0.228571429"
"890",kml_83219,"0.2"
"891",kml_83224,"0.1"
"892",kml_83231,"0.228571429"
"893",kml_83361,"0.2"
"894",kml_83365,"0.228571429"
"895",kml_83374,"0.228571429"
"896",kml_83412,"0.2"
"897",kml_83430,"0.228571429"
"898",kml_83459,"0.2"
"899",kml_83462,"0.2"
"900",kml_83471,"0.2"
"901",kml_83474,"0.2"
"902",kml_83475,"0.2"
"903",kml_83476,"0.257142857"
"904",kml_83499,"0.328571429"
"905",kml_83500,"0.228571429"
"906",kml_83502,"0.228571429"
"907",kml_83557,"0.157142857"
"908",kml_83605,"0.2"
"909",kml_83611,"0.2"
"910",kml_83616,"0.3"
"911",kml_83630,"0.228571429"
"912",kml_83631,"0.228571429"
"913",kml_83634,"0.228571429"
"914",kml_83701,"0.2"
"915",kml_83702,"0.2"
"916",kml_83721,"0"
"917",kml_83722,"0.1"
"918",kml_83736,"0.2"
"919",kml_83769,"0.2"
"920",kml_83860,"0.257142857"
"921",kml_83944,"0.2"
"922",kml_83946,"0.2"
"923",kml_83950,"0.1"
"924",kml_83954,"0.2"
"925",kml_83958,"0.2"
"926",kml_83960,"0.1"
"927",kml_83964,"0.2"
"928",kml_83965,"0.3"
"929",kml_84007,"0.085714286"
"930",kml_84011,"0.3"
"931",kml_84014,"0.2"
"932",kml_84074,"0.3"
"933",kml_84077,"0.5"
"934",kml_84078,"0.5"
"935",kml_84112,"0.2"
"936",kml_84115,"0.2"
"937",kml_84155,"0.2"
"938",kml_84166,"0.228571429"
"939",kml_84173,"0"
"940",kml_84184,"0.2"
"941",kml_84190,"0.228571429"
"942",kml_84191,"0.2"
"943",kml_84192,"0.2"
"944",kml_84196,"0.2"
"945",kml_84242,"0.2"
"946",kml_84252,"0.2"
"947",kml_84259,"0.2"
"948",kml_84293,"0.071428571"
"949",kml_84297,"0.071428571"
"950",kml_84299,"0.3"
"951",kml_84321,"0.2"
"952",kml_84325,"0"
"953",kml_84333,"0.157142857"
"954",kml_84334,"0.2"
"955",kml_84349,"0.1"
"956",kml_84397,"0.3"
"957",kml_84448,"0.2"
"958",kml_84511,"0.3"
"959",kml_84512,"0.2"
"960",kml_84517,"0.2"
"961",kml_84519,"0.2"
"962",kml_84523,"0.2"
"963",kml_84576,"0.2"
"964",kml_84579,"0.228571429"
"965",kml_84585,"0.1"
"966",kml_84587,"0.2"
"967",kml_84595,"0.2"
"968",kml_84619,"0.2"
"969",kml_84620,"0.228571429"
"970",kml_84621,"0.2"
"971",kml_84717,"0.2"
"972",kml_84721,"0.342857143"
"973",kml_84728,"0.228571429"
"974",kml_84729,"0.2"
"975",kml_84760,"0.228571429"
"976",kml_84763,"0.1"
"977",kml_84777,"0.2"
"978",kml_84778,"0.2"
"979",kml_84791,"0.2"
"980",kml_84798,"0.1"
"981",kml_84800,"0"
"982",kml_84829,"0.2"
"983",kml_84837,"0.1"
"984",kml_84881,"0.1"
"985",kml_84914,"0.2"
"986",kml_85105,"0.2"
"987",kml_85107,"0.2"
"988",kml_85215,"0.2"
"989",kml_85299,"0.2"
"990",kml_85310,"0.028571429"
"991",kml_85312,"0.1"
"992",kml_85313,"0.2"
"993",kml_85324,"0.2"
"994",kml_85349,"0.157142857"
"995",kml_85390,"0.2"
"996",kml_85461,"0.2"
"997",kml_85475,"0.228571429"
"998",kml_85477,"0.228571429"
"999",kml_85478,"0.228571429"
"1000",kml_85489,"0.157142857"
"1001",kml_85490,"0"
"1002",kml_85491,"0.157142857"
"1003",kml_85528,"0.2"
"1004",kml_85529,"0.2"
"1005",kml_85531,"0.228571429"
"1006",kml_85558,"0.1"
"1007",kml_85567,"0.157142857"
"1008",kml_85635,"0.1"
"1009",kml_85657,"0.2"
"1010",kml_85665,"0.157142857"
"1011",kml_85666,"0.157142857"
"1012",kml_85703,"0.371428571"
"1013",kml_85709,"0.157142857"
"1014",kml_85763,"0.2"
"1015",kml_85778,"0.2"
"1016",kml_85820,"0.3"
"1017",kml_85862,"0.2"
"1018",kml_85870,"0.2"
"1019",kml_85883,"0.228571429"
"1020",kml_85925,"0.2"
"1021",kml_85930,"0.2"
"1022",kml_85940,"0.4"
"1023",kml_86002,"0.228571429"
"1024",kml_86003,"0.228571429"
"1025",kml_86238,"0.228571429"
"1026",kml_86240,"0.228571429"
"1027",kml_86285,"0.2"
"1028",kml_86294,"0.2"
"1029",kml_86337,"0.2"
"1030",kml_86343,"0.2"
"1031",kml_86345,"0.2"
"1032",kml_86349,"0.3"
"1033",kml_86351,"0.2"
"1034",kml_86413,"0.2"
"1035",kml_86472,"0.228571429"
"1036",kml_86474,"0.228571429"
"1037",kml_86515,"0.2"
"1038",kml_86518,"0.2"
"1039",kml_86523,"0.2"
"1040",kml_86749,"0.2"
"1041",kml_86961,"0.2"
"1042",kml_86962,"0.114285714"
"1043",kml_86967,"0.3"
"1044",kml_87025,"0.228571429"
"1045",kml_87061,"0.2"
"1046",kml_87076,"0.285714286"
"1047",kml_87077,"0.228571429"
"1048",kml_87078,"0.228571429"
"1049",kml_87110,"0.228571429"
"1050",kml_87116,"0.228571429"
"1051",kml_87139,"0.2"
"1052",kml_87140,"0.2"
"1053",kml_87141,"0.2"
"1054",kml_87143,"0.2"
"1055",kml_87145,"0.242857143"
"1056",kml_87166,"0.2"
"1057",kml_87174,"0.1"
"1058",kml_87220,"0.228571429"
"1059",kml_87248,"0.4"
"1060",kml_87249,"0.2"
"1061",kml_87251,"0.2"
"1062",kml_87260,"0.285714286"
"1063",kml_87277,"0.5"
"1064",kml_87278,"0.4"
"1065",kml_87279,"0.3"
"1066",kml_87290,"0.4"
"1067",kml_87296,"0.228571429"
"1068",kml_87313,"0.228571429"
"1069",kml_87315,"0.285714286"
"1070",kml_87353,"0.3"
"1071",kml_87354,"0.3"
"1072",kml_87373,"0.228571429"
"1073",kml_87379,"0.228571429"
"1074",kml_87381,"0.285714286"
"1075",kml_87393,"0.3"
"1076",kml_87437,"0.2"
"1077",kml_87442,"0.2"
"1078",kml_87465,"0.228571429"
"1079",kml_87468,"0.1"
"1080",kml_87474,"0.128571429"
"1081",kml_87523,"0.228571429"
"1082",kml_87535,"0.228571429"
"1083",kml_87569,"0.2"
"1084",kml_87580,"0.228571429"
"1085",kml_87592,"0.228571429"
"1086",kml_87593,"0.228571429"
"1087",kml_87620,"0.2"
"1088",kml_87623,"0.157142857"
"1089",kml_87626,"0.2"
"1090",kml_87628,"0.2"
"1091",kml_87629,"0.2"
"1092",kml_87659,"0.257142857"
"1093",kml_87690,"0.285714286"
"1094",kml_87696,"0.228571429"
"1095",kml_87698,"0.228571429"
"1096",kml_87740,"0.2"
"1097",kml_87742,"0.285714286"
"1098",kml_87762,"0.2"
"1099",kml_87776,"0.228571429"
"1100",kml_87805,"0.228571429"
"1101",kml_87820,"0.228571429"
"1102",kml_87848,"0.228571429"
"1103",kml_87854,"0.3"
"1104",kml_87864,"0.157142857"
"1105",kml_87919,"0.228571429"
"1106",kml_87925,"0.285714286"
"1107",kml_87928,"0.228571429"
"1108",kml_87934,"0.2"
"1109",kml_87941,"0.242857143"
"1110",kml_87943,"0.228571429"
"1111",kml_87949,"0.228571429"
"1112",kml_88005,"0.228571429"
"1113",kml_88007,"0.228571429"
"1114",kml_88079,"0.228571429"
"1115",kml_88084,"0.228571429"
"1116",kml_88173,"0.2"
"1117",kml_88237,"0.2"
"1118",kml_88240,"0.2"
"1119",kml_88241,"0.2"
"1120",kml_88266,"0.2"
"1121",kml_88267,"0.2"
"1122",kml_88268,"0.2"
"1123",kml_88269,"0.2"
"1124",kml_88270,"0.2"
"1125",kml_88271,"0.2"
"1126",kml_88273,"0.2"
"1127",kml_88275,"0.2"
"1128",kml_88276,"0.2"
"1129",kml_88306,"0.1"
"1130",kml_88312,"0"
"1131",kml_88314,"0.1"
"1132",kml_88315,"0.2"
"1133",kml_88316,"0.228571429"
"1134",kml_88324,"0.2"
"1135",kml_88369,"0.028571429"
"1136",kml_88396,"0.228571429"
"1137",kml_88397,"0.157142857"
"1138",kml_88398,"0.157142857"
"1139",kml_88416,"0.3"
"1140",kml_88430,"0"
"1141",kml_88431,"0.028571429"
"1142",kml_88528,"0.2"
"1143",kml_88598,"0.2"
"1144",kml_88605,"0.228571429"
"1145",kml_88693,"0.4"
"1146",kml_88725,"0.2"
"1147",kml_88731,"0.1"
"1148",kml_88732,"0.228571429"
"1149",kml_88783,"0.2"
"1150",kml_88805,"0.2"
"1151",kml_88806,"0.228571429"
"1152",kml_88807,"0.2"
"1153",kml_88907,"0.285714286"
"1154",kml_88908,"0.228571429"
"1155",kml_89020,"0.4"
"1156",kml_89021,"0.4"
"1157",kml_89037,"0.228571429"
"1158",kml_89075,"0.228571429"
"1159",kml_89079,"0.285714286"
"1160",kml_89103,"0.242857143"
"1161",kml_89105,"0.2"
"1162",kml_89196,"0.2"
"1163",kml_89234,"0.2"
"1164",kml_89267,"0.2"
"1165",kml_89294,"0.2"
"1166",kml_89344,"0.2"
"1167",kml_89352,"0.2"
"1168",kml_89356,"0.228571429"
"1169",kml_89358,"0.2"
"1170",kml_89419,"0.2"
"1171",kml_89441,"0.228571429"
"1172",kml_89445,"0.2"
"1173",kml_89446,"0.228571429"
"1174",kml_89447,"0.157142857"
"1175",kml_89458,"0.2"
"1176",kml_89522,"0.157142857"
"1177",kml_89526,"0.157142857"
"1178",kml_89558,"0.2"
"1179",kml_89567,"0.2"
"1180",kml_89617,"0.2"
"1181",kml_89666,"0.4"
"1182",kml_89682,"0.3"
"1183",kml_89723,"0.228571429"
"1184",kml_89741,"0.3"
"1185",kml_89749,"0.3"
"1186",kml_89750,"0.3"
"1187",kml_89759,"0.2"
"1188",kml_89939,"0.228571429"
"1189",kml_89978,"0"
"1190",kml_90010,"0.228571429"
"1191",kml_90079,"0.228571429"
"1192",kml_90109,"0.2"
"1193",kml_90121,"0.2"
"1194",kml_90183,"0.2"
"1195",kml_90184,"0.2"
"1196",kml_90277,"0.2"
"1197",kml_90333,"0.2"
"1198",kml_90348,"0.2"
"1199",kml_90381,"0.1"
"1200",kml_90387,"0.1"
"1201",kml_90433,"0.1"
"1202",kml_90435,"0.228571429"
"1203",kml_90436,"0.228571429"
"1204",kml_90448,"0.2"
"1205",kml_90449,"0.2"
"1206",kml_90451,"0.2"
"1207",kml_90452,"0.2"
"1208",kml_90478,"0.228571429"
"1209",kml_90525,"0.2"
"1210",kml_90531,"0.2"
"1211",kml_90532,"0.2"
"1212",kml_90533,"0.2"
"1213",kml_90534,"0.2"
"1214",kml_90535,"0.2"
"1215",kml_90536,"0.157142857"
"1216",kml_90542,"0.3"
"1217",kml_90543,"0.2"
"1218",kml_90545,"0.2"
"1219",kml_90558,"0.3"
"1220",kml_90559,"0.3"
"1221",kml_90560,"0.3"
"1222",kml_90579,"0.157142857"
"1223",kml_90624,"0.4"
"1224",kml_90639,"0.1"
"1225",kml_90640,"0.1"
"1226",kml_90664,"0.285714286"
"1227",kml_90678,"0.2"
"1228",kml_90732,"0.1"
"1229",kml_90737,"0.228571429"
"1230",kml_90738,"0.2"
"1231",kml_90739,"0.2"
"1232",kml_90834,"0.3"
"1233",kml_90887,"0.2"
"1234",kml_90888,"0.2"
"1235",kml_90890,"0.228571429"
"1236",kml_90893,"0.2"
"1237",kml_90897,"0.228571429"
"1238",kml_91045,"0.1"
"1239",kml_91046,"0"
"1240",kml_91143,"0.1"
"1241",kml_91180,"0.371428571"
"1242",kml_91183,"0.2"
"1243",kml_91390,"0.2"
"1244",kml_91474,"0"
"1245",kml_91544,"0"
"1246",kml_91692,"0.157142857"
"1247",kml_91718,"0"
"1248",kml_91826,"0.228571429"
"1249",kml_91839,"0.228571429"
"1250",kml_91844,"0"
"1251",kml_91879,"0.228571429"
"1252",kml_91880,"0.228571429"
"1253",kml_91952,"0.157142857"
"1254",kml_91963,"0.2"
"1255",kml_91964,"0.2"
"1256",kml_91997,"0.228571429"
"1257",kml_91998,"0.1"
"1258",kml_92122,"0.1"
"1259",kml_92126,"0.1"
"1260",kml_92128,"0.1"
"1261",kml_92131,"0.1"
"1262",kml_92143,"0.228571429"
"1263",kml_92191,"0.257142857"
"1264",kml_92192,"0"
"1265",kml_92245,"0.3"
"1266",kml_92246,"0.228571429"
"1267",kml_92251,"0.2"
"1268",kml_92266,"0.1"
"1269",kml_92269,"0.2"
"1270",kml_92293,"0"
"1271",kml_92312,"0.2"
"1272",kml_92313,"0.2"
"1273",kml_92314,"0.2"
"1274",kml_92315,"0.2"
"1275",kml_92316,"0.2"
"1276",kml_92318,"0.2"
"1277",kml_92320,"0.2"
"1278",kml_92343,"0.4"
"1279",kml_92347,"0"
"1280",kml_92444,"0.428571429"
"1281",kml_92449,"0.028571429"
"1282",kml_92476,"0.2"
"1283",kml_92477,"0.2"
"1284",kml_92507,"0.228571429"
"1285",kml_92627,"0.1"
"1286",kml_92662,"0.228571429"
"1287",kml_92663,"0.3"
"1288",kml_92664,"0.371428571"
"1289",kml_92678,"0.285714286"
"1290",kml_92707,"0.5"
"1291",kml_92710,"0.228571429"
"1292",kml_92711,"0.228571429"
"1293",kml_92715,"0.6"
"1294",kml_92756,"0.228571429"
"1295",kml_92757,"0.3"
"1296",kml_92822,"0.1"
"1297",kml_92865,"0.371428571"
"1298",kml_92866,"0.228571429"
"1299",kml_92868,"0.228571429"
"1300",kml_92890,"0.328571429"
"1301",kml_92891,"0.328571429"
"1302",kml_92892,"0.228571429"
"1303",kml_92893,"0.228571429"
"1304",kml_92894,"0.257142857"
"1305",kml_92895,"0.3"
"1306",kml_92897,"0.257142857"
"1307",kml_92916,"0.1"
"1308",kml_92936,"0.142857143"
"1309",kml_92937,"0.142857143"
"1310",kml_92950,"0.228571429"
"1311",kml_92952,"0.228571429"
"1312",kml_92962,"0.2"
"1313",kml_92991,"0.228571429"
"1314",kml_93022,"0.3"
"1315",kml_93026,"0.3"
"1316",kml_93031,"0.228571429"
"1317",kml_93038,"0.228571429"
"1318",kml_93078,"0.228571429"
"1319",kml_93085,"0.1"
"1320",kml_93086,"0.1"
"1321",kml_93088,"0.1"
"1322",kml_93098,"0.1"
"1323",kml_93099,"0.228571429"
"1324",kml_93113,"0.2"
"1325",kml_93115,"0.228571429"
"1326",kml_93138,"0.4"
"1327",kml_93158,"0.242857143"
"1328",kml_93159,"0.228571429"
"1329",kml_93161,"0.228571429"
"1330",kml_93168,"0.2"
"1331",kml_93216,"0.2"
"1332",kml_93224,"0.457142857"
"1333",kml_93226,"0.5"
"1334",kml_93228,"0.2"
"1335",kml_93247,"0.228571429"
"1336",kml_93248,"0.228571429"
"1337",kml_93266,"0.2"
"1338",kml_93305,"0.242857143"
"1339",kml_93306,"0.228571429"
"1340",kml_93363,"0.1"
"1341",kml_93384,"0.3"
"1342",kml_93391,"0.3"
"1343",kml_93406,"0.3"
"1344",kml_93412,"0.057142857"
"1345",kml_93419,"0.1"
"1346",kml_93421,"0.228571429"
"1347",kml_93426,"0.1"
"1348",kml_93456,"0.157142857"
"1349",kml_93477,"0.228571429"
"1350",kml_93483,"0.371428571"
"1351",kml_93486,"0.371428571"
"1352",kml_93488,"0.371428571"
"1353",kml_93516,"0.228571429"
"1354",kml_93518,"0.371428571"
"1355",kml_93519,"0.371428571"
"1356",kml_93521,"0.371428571"
"1357",kml_93527,"0.4"
"1358",kml_93530,"0.285714286"
"1359",kml_93573,"0"
"1360",kml_93574,"0.1"
"1361",kml_93576,"0"
"1362",kml_93577,"0"
"1363",kml_93578,"0"
"1364",kml_93610,"0.3"
"1365",kml_93617,"0.5"
"1366",kml_93669,"0.3"
"1367",kml_93739,"0.228571429"
"1368",kml_93740,"0.228571429"
"1369",kml_93741,"0.228571429"
"1370",kml_93819,"0.2"
"1371",kml_93855,"0.2"
"1372",kml_93891,"0.2"
"1373",kml_93894,"0.2"
"1374",kml_93902,"0.2"
"1375",kml_93913,"0.3"
"1376",kml_93914,"0.3"
"1377",kml_94044,"0.3"
"1378",kml_94067,"0.228571429"
"1379",kml_94108,"0.1"
"1380",kml_94262,"0.2"
"1381",kml_94263,"0.2"
"1382",kml_94418,"0.2"
"1383",kml_94419,"0.2"
"1384",kml_94540,"0.157142857"
"1385",kml_94546,"0.2"
"1386",kml_94547,"0.2"
"1387",kml_94581,"0.228571429"
"1388",kml_94773,"0.028571429"
"1389",kml_94777,"0.228571429"
"1390",kml_94908,"0.2"
"1391",kml_94937,"0.1"
"1392",kml_94938,"0.2"
"1393",kml_95026,"0.1"
"1394",kml_95031,"0.2"
"1395",kml_95036,"0.2"
"1396",kml_95046,"0.228571429"
"1397",kml_95086,"0.2"
"1398",kml_95087,"0.2"
"1399",kml_95102,"0.2"
"1400",kml_95120,"0.1"
"1401",kml_95178,"0.2"
"1402",kml_95289,"0"
"1403",kml_95314,"0.2"
"1404",kml_95325,"0"
"1405",kml_95360,"0.028571429"
"1406",kml_95465,"0"
"1407",kml_95539,"0.157142857"
"1408",kml_95626,"0.2"
"1409",kml_95681,"0.2"
"1410",kml_95849,"0.1"
"1411",kml_95906,"0.2"
"1412",kml_96099,"0.028571429"
"1413",kml_96130,"0"
"1414",kml_96134,"0.2"
"1415",kml_96176,"0.3"
"1416",kml_96209,"0.2"
"1417",kml_96272,"0.2"
"1418",kml_96273,"0.2"
"1419",kml_96330,"0.2"
"1420",kml_96347,"0.3"
"1421",kml_96350,"0.1"
"1422",kml_96351,"0.1"
"1423",kml_96352,"0.1"
"1424",kml_96353,"0.1"
"1425",kml_96355,"0.2"
"1426",kml_96358,"0.214285714"
"1427",kml_96359,"0.2"
"1428",kml_96360,"0.228571429"
"1429",kml_96361,"0.228571429"
"1430",kml_96362,"0.2"
"1431",kml_96363,"0.2"
"1432",kml_96364,"0.2"
"1433",kml_96366,"0.2"
"1434",kml_96396,"0.214285714"
"1435",kml_96397,"0.3"
"1436",kml_96398,"0.2"
"1437",kml_96508,"0.1"
"1438",kml_96509,"0.1"
"1439",kml_96510,"0.1"
"1440",kml_96520,"0.228571429"
"1441",kml_96545,"0.2"
"1442",kml_96583,"0.285714286"
"1443",kml_96584,"0.285714286"
"1444",kml_96594,"0.2"
"1445",kml_96601,"0"
"1446",kml_96602,"0"
"1447",kml_96631,"0.228571429"
"1448",kml_96641,"0.242857143"
"1449",kml_96646,"0.2"
"1450",kml_96647,"0.2"
"1451",kml_96649,"0.2"
"1452",kml_96655,"0.1"
"1453",kml_96657,"0.3"
"1454",kml_96660,"0.2"
"1455",kml_96682,"0.228571429"
"1456",kml_96700,"0.1"
"1457",kml_96702,"0.2"
"1458",kml_96717,"0.228571429"
"1459",kml_96732,"0.228571429"
"1460",kml_96733,"0.2"
"1461",kml_96734,"0"
"1462",kml_96750,"0.228571429"
"1463",kml_96751,"0.228571429"
"1464",kml_96753,"0.228571429"
"1465",kml_96755,"0.228571429"
"1466",kml_96791,"0.257142857"
"1467",kml_96796,"0.228571429"
"1468",kml_96798,"0.1"
"1469",kml_96833,"0.3"
"1470",kml_96835,"0.228571429"
"1471",kml_96836,"0.228571429"
"1472",kml_96838,"0.157142857"
"1473",kml_96841,"0.271428571"
"1474",kml_96842,"0"
"1475",kml_96845,"0.328571429"
"1476",kml_96846,"0.228571429"
"1477",kml_96852,"0.228571429"
"1478",kml_96874,"0.228571429"
"1479",kml_96911,"0.2"
"1480",kml_96922,"0.285714286"
"1481",kml_96930,"0.271428571"
"1482",kml_96935,"0.157142857"
"1483",kml_96936,"0.2"
"1484",kml_96937,"0.2"
"1485",kml_96947,"0.028571429"
"1486",kml_96951,"0.3"
"1487",kml_97463,"0"
"1488",kml_98430,"0.2"
"1489",kml_98547,"0.228571429"
"1490",kml_99673,"0"
"1491",kml_99773,"0"
"1492",kml_99924,"0.1"
"1493",kml_99934,"0.1"
"1494",kml_100078,"0"
"1495",kml_100172,"0"
"1496",kml_100274,"0.1"
"1497",kml_100849,"0"
"1498",kml_101306,"0.228571429"
"1499",kml_101307,"0.2"
"1500",kml_101309,"0.2"
"1501",kml_101481,"0.2"
"1502",kml_101527,"0.328571429"
"1503",kml_101538,"0.242857143"
"1504",kml_101540,"0.2"
"1505",kml_101560,"0.1"
"1506",kml_101561,"0.2"
"1507",kml_101562,"0.2"
"1508",kml_101565,"0.071428571"
"1509",kml_101619,"0"
"1510",kml_101627,"0.2"
"1511",kml_101757,"0.2"
"1512",kml_101892,"0.2"
"1513",kml_102022,"0.128571429"
"1514",kml_102061,"0.228571429"
"1515",kml_102067,"0.285714286"
"1516",kml_102113,"0.228571429"
"1517",kml_102144,"0.2"
"1518",kml_102184,"0.1"
"1519",kml_102204,"0.2"
"1520",kml_102226,"0"
"1521",kml_102227,"0"
"1522",kml_102257,"0.2"
"1523",kml_102280,"0.2"
"1524",kml_102306,"0.228571429"
"1525",kml_102307,"0.257142857"
"1526",kml_102311,"0.371428571"
"1527",kml_102312,"0.3"
"1528",kml_102315,"0.3"
"1529",kml_102316,"0.3"
"1530",kml_102423,"0.242857143"
"1531",kml_102426,"0.228571429"
"1532",kml_102427,"0.2"
"1533",kml_102483,"0.3"
"1534",kml_102548,"0.1"
"1535",kml_102550,"0.257142857"
"1536",kml_102556,"0.214285714"
"1537",kml_102557,"0.2"
"1538",kml_102559,"0.3"
"1539",kml_102600,"0.228571429"
"1540",kml_102678,"0.257142857"
"1541",kml_102679,"0.3"
"1542",kml_102697,"0.242857143"
"1543",kml_102759,"0.2"
"1544",kml_102776,"0.2"
"1545",kml_102853,"0.2"
"1546",kml_102930,"0.2"
"1547",kml_102957,"0.2"
"1548",kml_102958,"0.2"
"1549",kml_102963,"0.2"
"1550",kml_103071,"0"
"1551",kml_103107,"0.228571429"
"1552",kml_103111,"0"
"1553",kml_103122,"0.3"
"1554",kml_103124,"0.3"
"1555",kml_103130,"0.2"
"1556",kml_103147,"0.1"
"1557",kml_103170,"0.2"
"1558",kml_103263,"0.2"
"1559",kml_103267,"0.2"
"1560",kml_103275,"0.2"
"1561",kml_103337,"0.2"
"1562",kml_103351,"0.3"
"1563",kml_103444,"0.228571429"
"1564",kml_103534,"0.2"
"1565",kml_103625,"0.285714286"
"1566",kml_103626,"0.228571429"
"1567",kml_103627,"0.228571429"
"1568",kml_103676,"0.228571429"
"1569",kml_103768,"0.2"
"1570",kml_103775,"0.2"
"1571",kml_103776,"0.2"
"1572",kml_103820,"0.228571429"
"1573",kml_103826,"0.2"
"1574",kml_103827,"0.228571429"
"1575",kml_103828,"0.228571429"
"1576",kml_103829,"0.1"
"1577",kml_103830,"0.1"
"1578",kml_103831,"0"
"1579",kml_103897,"0.2"
"1580",kml_103899,"0.228571429"
"1581",kml_103901,"0"
"1582",kml_103946,"0.371428571"
"1583",kml_103947,"0.1"
"1584",kml_103951,"0.2"
"1585",kml_103957,"0.228571429"
"1586",kml_103958,"0.1"
"1587",kml_104012,"0.2"
"1588",kml_104013,"0.2"
"1589",kml_104028,"0.2"
"1590",kml_104106,"0.2"
"1591",kml_104155,"0.228571429"
"1592",kml_104157,"0.314285714"
"1593",kml_104230,"0.2"
"1594",kml_104231,"0.2"
"1595",kml_104324,"0.228571429"
"1596",kml_104355,"0"
"1597",kml_104386,"0.057142857"
"1598",kml_104412,"0.228571429"
"1599",kml_104414,"0.2"
"1600",kml_104578,"0.2"
"1601",kml_104588,"0.2"
"1602",kml_104670,"0.228571429"
"1603",kml_104671,"0.228571429"
"1604",kml_104745,"0.228571429"
"1605",kml_104746,"0.228571429"
"1606",kml_104748,"0.228571429"
"1607",kml_104749,"0.228571429"
"1608",kml_104752,"0.3"
"1609",kml_104758,"0.2"
"1610",kml_104759,"0.2"
"1611",kml_104760,"0.2"
"1612",kml_104761,"0.2"
"1613",kml_104818,"0.2"
"1614",kml_104825,"0.4"
"1615",kml_104827,"0.414285714"
"1616",kml_104828,"0.2"
"1617",kml_104878,"0.228571429"
"1618",kml_104890,"0.2"
"1619",kml_104892,"0.2"
"1620",kml_104893,"0.2"
"1621",kml_104896,"0.2"
"1622",kml_104897,"0.2"
"1623",kml_104899,"0.2"
"1624",kml_104913,"0.3"
"1625",kml_104928,"0.2"
"1626",kml_104931,"0.2"
"1627",kml_104932,"0.2"
"1628",kml_104992,"0.2"
"1629",kml_104996,"0.2"
"1630",kml_104997,"0.2"
"1631",kml_104999,"0.2"
"1632",kml_105018,"0.1"
"1633",kml_105027,"0.2"
"1634",kml_105031,"0.328571429"
"1635",kml_105032,"0.2"
"1636",kml_105061,"0.2"
"1637",kml_105062,"0.2"
"1638",kml_105066,"0.2"
"1639",kml_105075,"0.1"
"1640",kml_105101,"0"
"1641",kml_105110,"0.214285714"
"1642",kml_105120,"0.2"
"1643",kml_105143,"0.1"
"1644",kml_105147,"0.2"
"1645",kml_105155,"0.1"
"1646",kml_105210,"0.1"
"1647",kml_105211,"0.2"
"1648",kml_105301,"0.2"
"1649",kml_105303,"0.2"
"1650",kml_105306,"0.2"
"1651",kml_105365,"0.2"
"1652",kml_105384,"0.228571429"
"1653",kml_105414,"0"
"1654",kml_105416,"0"
"1655",kml_105418,"0.1"
"1656",kml_105446,"0.2"
"1657",kml_105489,"0.071428571"
"1658",kml_105506,"0.3"
"1659",kml_105636,"0.3"
"1660",kml_105683,"0.228571429"
"1661",kml_105730,"0.2"
"1662",kml_105855,"0"
"1663",kml_105908,"0"
"1664",kml_105909,"0"
"1665",kml_105911,"0"
"1666",kml_105931,"0.1"
"1667",kml_106035,"0.3"
"1668",kml_106037,"0.3"
"1669",kml_106038,"0.2"
"1670",kml_106048,"0.3"
"1671",kml_106056,"0.3"
"1672",kml_106116,"0.057142857"
"1673",kml_106171,"0"
"1674",kml_106172,"0.057142857"
"1675",kml_106173,"0"
"1676",kml_106226,"0.057142857"
"1677",kml_106227,"0"
"1678",kml_106230,"0"
"1679",kml_106293,"0"
"1680",kml_106315,"0.228571429"
"1681",kml_106316,"0.157142857"
"1682",kml_106317,"0.157142857"
"1683",kml_106327,"0.2"
"1684",kml_106336,"0.2"
"1685",kml_106365,"0.2"
"1686",kml_106367,"0.157142857"
"1687",kml_106376,"0.2"
"1688",kml_106398,"0.2"
"1689",kml_106401,"0.2"
"1690",kml_106418,"0.2"
"1691",kml_106437,"0.2"
"1692",kml_106440,"0.157142857"
"1693",kml_106450,"0.1"
"1694",kml_106464,"0.2"
"1695",kml_106466,"0.2"
"1696",kml_106467,"0.2"
"1697",kml_106468,"0.2"
"1698",kml_106499,"0.2"
"1699",kml_106553,"0.2"
"1700",kml_106554,"0.2"
"1701",kml_106632,"0.028571429"
"1702",kml_106634,"0"
"1703",kml_106773,"0.2"
"1704",kml_106781,"0.228571429"
"1705",kml_106851,"0.157142857"
"1706",kml_106914,"0"
"1707",kml_106917,"0.128571429"
"1708",kml_106922,"0.2"
"1709",kml_106925,"0.2"
"1710",kml_107017,"0.2"
"1711",kml_107118,"0.157142857"
"1712",kml_107191,"0.2"
"1713",kml_107195,"0.3"
"1714",kml_107237,"0.228571429"
"1715",kml_107245,"0.3"
"1716",kml_107251,"0.2"
"1717",kml_107263,"0.3"
"1718",kml_107264,"0.228571429"
"1719",kml_107270,"0.2"
"1720",kml_107281,"0.228571429"
"1721",kml_107298,"0.2"
"1722",kml_107304,"0.228571429"
"1723",kml_107306,"0.2"
"1724",kml_107325,"0.3"
"1725",kml_107329,"0.085714286"
"1726",kml_107377,"0.228571429"
"1727",kml_107396,"0.2"
"1728",kml_107398,"0.2"
"1729",kml_107400,"0.2"
"1730",kml_107492,"0.228571429"
"1731",kml_107498,"0.2"
"1732",kml_107565,"0.3"
"1733",kml_107567,"0.3"
"1734",kml_107714,"0.2"
"1735",kml_107721,"0.2"
"1736",kml_107770,"0.2"
"1737",kml_107773,"0.2"
"1738",kml_107817,"0.2"
"1739",kml_107819,"0.2"
"1740",kml_107820,"0.2"
"1741",kml_107850,"0.1"
"1742",kml_107907,"0.2"
"1743",kml_107910,"0.3"
"1744",kml_107943,"0.2"
"1745",kml_107947,"0.2"
"1746",kml_107999,"0.228571429"
"1747",kml_108000,"0.228571429"
"1748",kml_108001,"0.228571429"
"1749",kml_108002,"0.285714286"
"1750",kml_108004,"0.285714286"
"1751",kml_108005,"0.285714286"
"1752",kml_108055,"0.2"
"1753",kml_108058,"0.285714286"
"1754",kml_108060,"0.228571429"
"1755",kml_108067,"0.028571429"
"1756",kml_108071,"0.2"
"1757",kml_108073,"0.3"
"1758",kml_108074,"0.228571429"
"1759",kml_108075,"0.2"
"1760",kml_108102,"0.2"
"1761",kml_108104,"0.2"
"1762",kml_108107,"0.314285714"
"1763",kml_108114,"0.285714286"
"1764",kml_108115,"0.228571429"
"1765",kml_108116,"0.285714286"
"1766",kml_108117,"0.285714286"
"1767",kml_108118,"0.285714286"
"1768",kml_108120,"0.228571429"
"1769",kml_108121,"0.228571429"
"1770",kml_108180,"0.2"
"1771",kml_108232,"0"
"1772",kml_108240,"0.2"
"1773",kml_108241,"0.2"
"1774",kml_108295,"0.2"
"1775",kml_108297,"0.028571429"
"1776",kml_108344,"0.228571429"
"1777",kml_108353,"0.3"
"1778",kml_108361,"0.3"
"1779",kml_108443,"0.2"
"1780",kml_108445,"0.2"
"1781",kml_108447,"0.1"
"1782",kml_108454,"0.1"
"1783",kml_108499,"0.2"
"1784",kml_108500,"0.2"
"1785",kml_108579,"0.157142857"
"1786",kml_108667,"0.2"
"1787",kml_108813,"0.285714286"
"1788",kml_108814,"0.228571429"
"1789",kml_108842,"0.2"
"1790",kml_108859,"0.228571429"
"1791",kml_109015,"0.442857143"
"1792",kml_109024,"0"
"1793",kml_109165,"0.285714286"
"1794",kml_109175,"0.228571429"
"1795",kml_109177,"0.385714286"
"1796",kml_109226,"0.2"
"1797",kml_109231,"0.2"
"1798",kml_109309,"0.328571429"
"1799",kml_109351,"0.028571429"
"1800",kml_109399,"0.3"
"1801",kml_109400,"0.2"
"1802",kml_109411,"0.1"
"1803",kml_109501,"0.2"
"1804",kml_109538,"0.1"
"1805",kml_109539,"0.414285714"
"1806",kml_109596,"0.1"
"1807",kml_109646,"0.2"
"1808",kml_109765,"0.228571429"
"1809",kml_109810,"0.1"
"1810",kml_109869,"0.2"
"1811",kml_109899,"0.285714286"
"1812",kml_109928,"0.2"
"1813",kml_109936,"0.028571429"
"1814",kml_109971,"0.228571429"
"1815",kml_110408,"0.1"
"1816",kml_110409,"0.2"
"1817",kml_110578,"0.2"
"1818",kml_110638,"0.1"
"1819",kml_110655,"0.3"
"1820",kml_110657,"0.2"
"1821",kml_110725,"0.2"
"1822",kml_110759,"0.2"
"1823",kml_110762,"0.2"
"1824",kml_110768,"0.257142857"
"1825",kml_110769,"0.3"
"1826",kml_110770,"0.4"
"1827",kml_110773,"0.157142857"
"1828",kml_110922,"0.3"
"1829",kml_110923,"0.3"
"1830",kml_110949,"0.2"
"1831",kml_110950,"0.2"
"1832",kml_110984,"0.2"
"1833",kml_110985,"0.3"
"1834",kml_110991,"0.228571429"
"1835",kml_110993,"0.2"
"1836",kml_111042,"0.3"
"1837",kml_111044,"0.3"
"1838",kml_111063,"0.2"
"1839",kml_111131,"0.3"
"1840",kml_111133,"0.3"
"1841",kml_111134,"0.3"
"1842",kml_111135,"0.3"
"1843",kml_111178,"0.157142857"
"1844",kml_111196,"0.2"
"1845",kml_111208,"0.4"
"1846",kml_111245,"0.2"
"1847",kml_111246,"0.2"
"1848",kml_111293,"0.2"
"1849",kml_111295,"0.2"
"1850",kml_111394,"0.2"
"1851",kml_111548,"0.228571429"
"1852",kml_111559,"0.1"
"1853",kml_111612,"0.2"
"1854",kml_111673,"0.3"
"1855",kml_111674,"0.3"
"1856",kml_111774,"0.028571429"
"1857",kml_111909,"0.2"
"1858",kml_112285,"0.371428571"
"1859",kml_112313,"0.2"
"1860",kml_112317,"0.457142857"
"1861",kml_112335,"0.057142857"
"1862",kml_112631,"0.2"
"1863",kml_112683,"0.2"
"1864",kml_112831,"0.157142857"
"1865",kml_112835,"0.228571429"
"1866",kml_112858,"0"
"1867",kml_112868,"0.2"
"1868",kml_113146,"0.157142857"
"1869",kml_113173,"0.157142857"
